id,temp
1,26.124107601719448
2,27.182120079491618
3,25.604087390403546
4,29.90415037475126
5,34.398859857242314
6,26.375118382037353
7,26.75343872882456
8,24.886634869679824
9,37.025976720580175
10,27.04143560927716
11,25.551718192121765
12,25.638775992288135
13,33.95187199232683
14,36.52970457680265
15,35.720814570136525
16,37.96043930580419
17,31.129825508338786
18,25.858113560119655
19,27.618274959903133
20,24.855305224736185
21,30.056568886191187
22,25.61117777266632
23,30.862107425324055
24,25.81479584436917
25,24.28870703176275
26,38.7400397988939
27,23.26901777029059
28,35.63956544115972
29,25.295163421744263
30,38.80608283994998
31,22.053382072581815
32,36.099144728387486
33,28.72950897738526
34,28.118169894409746
35,27.037050990257246
36,24.889075707876092
37,28.407808087880085
38,24.509043054819887
39,28.828294397080576
40,25.33620439379986
41,25.10437974562262
42,34.46534198870286
43,29.452809303631327
44,25.88257445349481
45,25.324379458490032
46,38.17990992832529
47,24.984715564688113
48,26.169725726969176
49,24.790621296963668
50,25.835921454222582
51,24.426529098058385
52,27.841682146060727
53,27.576040815757175
54,27.175628578675923
55,25.790171149165577
56,26.759049488913057
57,34.33883032030177
58,37.4028906520995
59,26.48764432844809
60,28.835255942084746
61,27.44918083162405
62,25.613622338558983
63,29.648887974965888
64,31.18246758995234
65,27.400726407080604
66,36.21224902205667
67,23.919316319280913
68,33.374143897774786
69,27.87798294791639
70,34.760570606309834
71,31.26553850131477
72,35.68127518681524
73,24.40920697434503
74,26.266517896511946
75,35.7958214572643
76,34.80047844743089
77,39.73668579873735
78,22.125335940711047
79,37.27716647721911
80,30.282271018523144
81,24.405776267151243
82,26.838407315498362
83,25.400851888927804
84,25.667613411069034
85,26.004857901068604
86,27.931271856423102
87,35.469078320180394
88,25.439128104614774
89,23.57065296881803
90,26.11350712082203
91,38.40950995228263
92,27.755692685861316
93,25.645926874853057
94,36.97734978585473
95,25.471342468642455
96,30.84403767757871
97,37.47031520695897
98,27.752569522790772
99,33.8400238445701
100,24.633122027590787
101,38.67722647661243
102,25.430773490297454
103,32.772748194899606
104,25.99115913839308
105,25.66748731066104
106,25.444625429464963
107,34.767458224158005
108,32.169966334536696
109,26.331013369364
110,27.162125180681493
111,25.197820785442307
112,27.19447883262748
113,27.28776933194764
114,25.60012033913454
115,27.066753733134817
116,37.72556434671905
117,27.166746953660684
118,24.187383600987776
119,29.341883367895903
120,25.580420864626454
121,29.225203957745332
122,37.934259629145856
123,35.05742135137318
124,37.692875115422865
125,25.058980169706192
126,30.827567392702527
127,27.721772085059676
128,32.996824165712475
129,30.734675580570595
130,35.32047323635396
131,24.388176167636264
132,32.744523924901465
133,28.870505866203317
134,25.431527523361265
135,28.881723330573124
136,34.80790756989593
137,26.94939947349574
138,33.71616889155792
139,24.54880452358708
140,22.620249672324316
141,34.02978305691465
142,29.854285090617115
143,26.369488056084087
144,36.94507617481706
145,29.774142483294394
146,25.519982287341968
147,38.48901396252718
148,36.54389919850552
149,27.287484235104856
150,24.44504780412507
151,25.916009567978925
152,24.748834575318696
153,24.937537065889043
154,29.49295588068116
155,28.428906950507788
156,28.03868612628611
157,36.70624463568256
158,25.07128478544996
159,33.80578131795665
160,26.084869425067584
161,27.216901893320884
162,37.222475161280975
163,28.886234785661337
164,25.47900399041542
165,37.62841851077016
166,25.309361984221574
167,27.046915612222875
168,24.82207030053293
169,25.061124931285512
170,25.083855138571906
171,22.73508488575222
172,37.15466087350275
173,28.896192805990296
174,29.299995424207392
175,25.06502011756697
176,35.15962859677653
177,24.07906431138643
178,35.659399157876884
179,25.29862222999972
180,25.228733480600432
181,26.726607196503693
182,25.349213403188553
183,29.874914296774215
184,35.64710975064736
185,35.046417441670215
186,30.03029356979168
187,35.15353129488489
188,27.607326265908554
189,38.67727880366932
190,26.31134310262472
191,24.75049463268728
192,25.372200265761244
193,25.239287395170955
194,34.29963599913052
195,35.551733930260696
196,34.16874763342673
197,27.57535606246091
198,31.12665613774564
199,26.74632130580739
200,37.445141906517605
201,39.09999386273101
202,37.57065188885086
203,36.396328494148726
204,38.346960514536626
205,27.11873372761919
206,36.16316269334189
207,27.028462724006896
208,28.629107408837427
209,27.371598336450436
210,37.48460846118933
211,39.469711958001014
212,27.686928902267304
213,26.10604108096668
214,32.93283317591693
215,38.76664277505031
216,26.510675115507013
217,25.65726088281585
218,38.65075764586072
219,26.148896792908065
220,27.520370190160925
221,25.33530652800338
222,37.63796148341946
223,35.25843292185118
224,24.922241721698484
225,25.818499704356185
226,26.145081403244706
227,24.39178510627018
228,39.14941957781099
229,26.44401160098387
230,24.288553813406196
231,26.39071469229226
232,28.330768926136308
233,24.791994935643835
234,28.680897255416276
235,25.71482201956668
236,37.086682518107786
237,24.752252861758564
238,37.64329803792121
239,33.94994152389758
240,33.660792254088676
241,24.715041394551584
242,21.38024782809377
243,25.5069418703877
244,34.65171029245039
245,36.355666032803
246,26.10422223856624
247,24.862849729432483
248,26.68857777413109
249,30.29883040255268
250,37.13380208947331
251,28.094801700457776
252,36.777743532261645
253,38.9729014413939
254,29.830403315877422
255,27.509730077856094
256,37.621854764972355
257,35.17353090545819
258,38.29630966119058
259,27.787493156907892
260,29.174978012899572
261,36.72562749858652
262,24.873714847305493
263,29.926173833996977
264,29.68242559488493
265,37.87886346575821
266,34.90093637015139
267,27.202411451774797
268,30.55986225033935
269,33.662295845772256
270,19.69882845589688
271,26.702847425673347
272,26.671826494167338
273,35.447590769164066
274,37.237990401381865
275,34.957103888520614
276,25.230903016431824
277,25.67719625995479
278,25.71562648166814
279,27.769401572075413
280,26.001034057707177
281,24.765644124636815
282,24.076549115254792
283,30.005201156362823
284,25.17956666964764
285,26.63284736506577
286,32.61290799302007
287,26.799926952224045
288,37.05333761509671
289,28.39028648887631
290,26.539046774476883
291,30.121363115986327
292,25.473259376807633
293,25.544709609388857
294,26.42102477742906
295,37.73810821988288
296,28.309660427854258
297,32.01855225330666
298,24.494075542230348
299,29.233813420472845
300,26.798027040130677
301,19.25573533419486
302,29.94559856386006
303,37.55665332928987
304,29.636046792726106
305,36.34639694868297
306,38.61414116947622
307,27.357614655472403
308,27.440146348561893
309,36.30052608025965
310,35.315588766923604
311,37.01928727136925
312,33.77295567920127
313,27.225782430807456
314,36.99965561024159
315,25.771000424137032
316,29.792912646003188
317,26.34559668360905
318,25.0028098387517
319,25.717079917201396
320,35.74000723989919
321,26.38895646375997
322,21.16903601148882
323,26.733914228729397
324,32.37929909202225
325,24.596457531400866
326,28.30620615892063
327,26.249289702841057
328,29.89216719148674
329,27.348520486896042
330,26.024776177652235
331,25.690029211265266
332,37.679262556368386
333,25.614036647782694
334,36.702054803568586
335,24.827615824932234
336,34.03826599098916
337,25.27785754650021
338,36.16833984543285
339,32.88166919223964
340,25.586522178013976
341,35.98077341276029
342,25.740684424072164
343,29.615475700121255
344,37.71293809874771
345,25.87224564189939
346,25.292288061271673
347,26.867296684939465
348,25.286039719649466
349,24.942441101853834
350,33.12483650583872
351,29.484840992252984
352,35.78568944776933
353,26.764767752242847
354,31.670920187253348
355,31.771654111194618
356,25.45693595820654
357,28.29506359302561
358,25.858566690219984
359,38.12314041152617
360,37.943136435512734
361,36.17023594693636
362,25.916701892514318
363,34.571667312863916
364,28.587642167796766
365,24.45838859509938
366,34.7947550454337
367,25.660184661382353
368,27.34104754094661
369,29.226864012209365
370,25.54016011970141
371,33.02363617003631
372,36.24328895833875
373,37.36968657775627
374,20.97757677561564
375,33.653298274480676
376,26.767517497212058
377,38.255029869942135
378,28.40974236859583
379,32.43225916128096
380,28.78862829171327
381,26.766778430707046
382,26.98134300439751
383,31.26628109767857
384,26.250530560964197
385,35.076636809403645
386,31.19876224888545
387,34.88777009314264
388,33.15914204155678
389,26.254695227373382
390,25.339567500625442
391,37.88251972869389
392,27.97106153199139
393,37.20193025737073
394,29.235918443704957
395,36.247322226648755
396,37.81921717874006
397,26.4305778338341
398,24.696792490157996
399,37.93567045627027
400,25.834208963755188
401,22.63554539661884
402,24.141231535089673
403,26.997430569418775
404,25.723387736477285
405,32.877341109153505
406,25.41474033399283
407,35.185549924832145
408,36.06162391312407
409,34.776640908078065
410,25.075748162306624
411,29.310798082436566
412,28.870961692931324
413,36.6739519252791
414,39.83023168527829
415,25.4697287952425
416,26.202921292185952
417,37.01009072363909
418,35.87126706179566
419,27.449365867242804
420,24.90159617418486
421,25.40508286000135
422,32.838601856125265
423,32.77286494795271
424,36.23314864521147
425,33.14154853035508
426,38.31932455824498
427,27.11680527476761
428,28.8006499161129
429,32.2567742299973
430,34.219686105976436
431,27.52425663098843
432,26.505928233799956
433,26.2432224374576
434,26.21768733486401
435,26.22198190597551
436,27.967734671093975
437,23.648746547763572
438,28.843244750845045
439,29.894171799112588
440,28.88323405258664
441,32.422378380012404
442,40.01992330021374
443,27.64455249708034
444,28.119503817559306
445,24.590096382734743
446,29.342462257010865
447,29.694410419526346
448,35.60140117435305
449,31.116437015044863
450,28.235491773284174
451,31.776439270969657
452,25.621080813091144
453,25.960720756181463
454,26.172365724213783
455,27.60247748475597
456,26.820567892215333
457,38.19565295187066
458,27.37441014510995
459,28.13806884456249
460,26.809852860405833
461,34.72376056793238
462,27.52860661063489
463,29.43856226839329
464,31.475038460841734
465,27.294680433070127
466,37.553644833608274
467,26.531984700785546
468,28.697168255716726
469,34.56633615124183
470,34.5421339158046
471,25.16198024380769
472,25.448976767897072
473,28.484091574455064
474,32.015586521956436
475,30.228717086853507
476,29.675858124417616
477,33.68721236105397
478,27.607435274659824
479,27.037966969701046
480,31.376472624899986
481,28.232308666357376
482,22.484066584748234
483,36.55817988356387
484,31.6273545447836
485,26.615092616318005
486,36.543417245712796
487,27.85035270937513
488,27.321308993188
489,30.23391313346201
490,27.864267499994522
491,26.253853413280677
492,25.195136147966476
493,29.753631264182093
494,27.374058821189063
495,27.685626699472884
496,34.27231043347948
497,26.68158441156912
498,28.33864016079364
499,31.95346778623476
500,35.72538040912677
501,27.34375252675315
502,30.660822103766694
503,31.642763057710276
504,30.028826320562093
505,29.485499639840683
506,30.19457824677583
507,28.46604076794217
508,27.94240672827889
509,29.5598281493318
510,35.64763503345462
511,33.52163926018089
512,36.251003730815114
513,25.520630599083255
514,26.50144736751529
515,28.83228348288662
516,33.190157976306764
517,36.5271913847906
518,35.89558545708809
519,35.10910556021116
520,30.176949095699733
521,28.64618013093905
522,26.04516464810424
523,35.795707536218565
524,36.695480591495375
525,25.144759808175067
526,27.147395288802294
527,26.954220303938836
528,33.58875642838996
529,25.58428349226055
530,28.12423421856493
531,33.90372676483727
532,34.18764584493789
533,27.366240966978737
534,26.916337216310982
535,29.575181183867542
536,25.01243842534933
537,33.087945707736615
538,29.752346515912322
539,26.400969193495737
540,30.163884923064728
541,32.348426884923
542,37.51686335838312
543,30.97280965692665
544,27.458090139536992
545,25.55352282056886
546,27.201437674677255
547,27.538268627048527
548,27.488790187556912
549,28.371807553284874
550,27.239608292322018
551,35.215347017249535
552,32.47421411488292
553,31.71776577134544
554,34.20771287017733
555,34.92172758768091
556,28.219834059755012
557,33.10702932177716
558,28.096120160795554
559,25.387666252799285
560,35.243843458236725
561,32.930032695281454
562,26.128682072436
563,33.3661526008881
564,28.34510967546618
565,35.356756517902824
566,31.861555559079555
567,34.761195969517004
568,25.38804909961352
569,29.20167140263932
570,26.978139907342438
571,32.95479090714589
572,27.349049426750057
573,37.17013240798862
574,28.161106540458665
575,27.88878582309456
576,34.79546042765503
577,27.53801524585368
578,30.90980819092364
579,38.65486455022967
580,29.77513338794811
581,32.20367655268045
582,25.648576023273268
583,29.586037799551143
584,28.144103070286274
585,24.271434592518666
586,27.532697505232633
587,32.93824762416352
588,26.016645076947988
589,27.01193648467634
590,33.35679786099891
591,28.50650923005135
592,26.150165915287538
593,33.69174484567557
594,25.571105897000063
595,31.320318913700024
596,39.94055412213371
597,24.71267825766301
598,32.613400897630875
599,29.248605921081477
600,27.45790029990636
601,28.234595498024355
602,30.051879369816405
603,26.18441650921861
604,34.28236076582188
605,26.488274097100565
606,30.392634517383176
607,26.492114725259807
608,32.36237777694875
609,28.458868319670366
610,26.364490339265473
611,29.46690005743784
612,30.69769678579407
613,37.56297866244225
614,25.678971889489834
615,28.809123317420834
616,28.312034402440005
617,32.92861244839261
618,29.595362733794346
619,27.22441448550571
620,26.648698849006585
621,28.196091937905962
622,26.25852735626691
623,28.83619618151937
624,30.466026620541445
625,29.563709346804668
626,26.949245193097674
627,28.49099196227371
628,30.586711298030078
629,26.72467759966257
630,28.075758514565457
631,37.06325431346987
632,31.853500744587983
633,23.286757393344427
634,29.812962200286695
635,29.946319659482405
636,26.338372428834557
637,27.2912105281962
638,32.28172135735727
639,30.04212731370842
640,31.482278575026747
641,24.044738424283832
642,33.318915259398395
643,30.96124663051001
644,26.350896664849046
645,37.45146855357939
646,33.27456372409466
647,25.535508445163995
648,28.48712206700442
649,28.68971898730616
650,27.80649588188783
651,31.999788457906
652,26.746049727736413
653,28.14832596945752
654,27.90613630149675
655,26.982335993749004
656,28.31822981313653
657,26.553315146107497
658,25.735282777281533
659,25.069269792302812
660,32.82974433966567
661,35.330986390657394
662,33.617182935620995
663,33.987892898057005
664,35.33740773349701
665,29.025771898543
666,26.920255364271604
667,29.44162573472915
668,33.95638503076028
669,38.63158133931276
670,27.94636070742567
671,29.281055023764864
672,32.82820073649076
673,33.31101171246401
674,30.98493595220935
675,31.416941625192152
676,36.263636396545124
677,28.062831329582394
678,23.015126010787377
679,28.39519019980305
680,27.37695814753777
681,29.467119856833953
682,26.521681989107854
683,38.004289959685686
684,36.75226488746064
685,28.788220120090326
686,28.294752515611677
687,27.14796986631004
688,27.03301097454128
689,26.072956182352847
690,32.26267810307711
691,25.751432953090166
692,26.966317860756227
693,26.964716164353725
694,28.349546644164832
695,33.78677893072906
696,35.02338174707541
697,32.45573161263249
698,35.086245754754756
699,28.600731707262675
700,29.461481340056054
701,29.91499297730855
702,26.78581902447709
703,28.647018599459393
704,37.48331512665106
705,28.377459664183746
706,27.307208034535865
707,25.83340038008338
708,27.384531606166618
709,25.364552287371467
710,29.949137075537774
711,35.0668925675025
712,28.715174641345087
713,28.5218891100757
714,25.94461047343148
715,27.37066400119656
716,34.64891976049401
717,29.31168644360934
718,27.511867612555942
719,29.232290728295908
720,28.148385861884805
721,32.370285558550734
722,35.38522097228081
723,29.942512935296698
724,29.083928884837558
725,25.8071920606237
726,27.35886043124762
727,26.0524917866523
728,27.64259716768013
729,37.407088166457214
730,27.358522173955897
731,25.068269509909932
732,27.077992854910857
733,28.078577351669885
734,28.452352390958296
735,28.00579750174551
736,28.012817638633166
737,32.789907337600795
738,27.327095335066858
739,31.12198108618983
740,28.915984948329967
741,30.807980201698303
742,30.302589182196378
743,27.582079055534834
744,27.407113161178902
745,30.520004868692883
746,28.94430900229634
747,26.724441217112556
748,35.96360933463582
749,36.12427847986167
750,30.61120392590275
751,30.937466458805957
752,38.56738906224917
753,27.941355451458378
754,34.50919664537197
755,27.080541266373764
756,28.540129925670314
757,31.590977326784206
758,25.889253235607832
759,26.244483908651404
760,27.407829771511363
761,30.78992298602812
762,27.962544046194274
763,27.37504048189993
764,33.065302030620586
765,26.120904505445743
766,25.857755738829844
767,27.122270415571712
768,25.31965743023715
769,27.24598275471223
770,25.530972050697873
771,29.20558084687032
772,29.63022748247353
773,27.77351290914524
774,26.226324240650968
775,26.659859662444
776,30.593040034164588
777,27.328126655852707
778,32.19277531189264
779,28.867071415636556
780,27.555169431516052
781,29.815506477304357
782,26.144074663862455
783,33.40717618031566
784,27.56674268948801
785,32.57023050443577
786,29.11020079504813
787,26.365842319881118
788,33.256829557913875
789,27.959269542221996
790,28.87897363989717
791,31.0534970053211
792,32.73603398141157
793,22.62685893107283
794,31.29724314446121
795,26.932212721674173
796,26.600504329378396
797,28.48801463316151
798,30.036437664135196
799,26.971474384917226
800,33.72443344419635
801,32.08334597415036
802,34.975101832356046
803,29.80643134482724
804,25.011562855282854
805,28.878133387029308
806,35.530002204523434
807,27.239021349068345
808,27.170132027540703
809,31.436096715779737
810,31.37021156010656
811,31.10948936011206
812,32.70129804924188
813,31.66224146113989
814,35.886906622202545
815,30.991611463560453
816,29.028161527467592
817,30.831795444174222
818,26.543774807992826
819,31.699809893867478
820,29.551068078686814
821,34.12418401211602
822,28.643395746587338
823,32.15060454850254
824,27.17836463883148
825,35.53382362756506
826,26.684741469398922
827,24.875750803629096
828,34.32964359253434
829,31.77413750615438
830,29.96888215789685
831,27.829840288307352
832,35.52422029868937
833,34.398028296854896
834,27.804787406648547
835,36.02957607740798
836,34.509353161031484
837,28.11147039280656
838,25.498665300079523
839,31.248856264208
840,25.473513393151585
841,32.22716543293474
842,25.17689044501056
843,37.943978414208416
844,30.573750239098096
845,34.76137801138833
846,25.62024892150098
847,28.43685726003176
848,27.178961064406682
849,25.000179741673048
850,30.016408453299277
851,38.272087549102
852,31.24825493498732
853,27.562921690267622
854,26.322796684071886
855,26.165937351353392
856,30.60525656727744
857,31.982963123018713
858,25.645703331123684
859,24.95807658226957
860,26.330976207254313
861,25.548757141742815
862,25.815586739057256
863,34.59480404970704
864,25.2217565044257
865,26.380514837995875
866,24.87726159828197
867,25.216338578818213
868,27.360191511352966
869,26.284897894556277
870,30.08304333756086
871,36.59643619317918
872,31.7046741221278
873,22.70586518130989
874,24.228525177566453
875,24.566391322107513
876,29.687963842281086
877,27.171285479928677
878,32.482398564182766
879,28.389512279251107
880,33.57755063254457
881,24.401318881148278
882,27.264781577135096
883,33.4573760822475
884,26.79218337045522
885,32.56746527378185
886,34.2472149470929
887,30.93088801379037
888,25.5280234284259
889,24.297186078160763
890,25.7678383720721
891,25.744363157365246
892,25.752209231620604
893,26.06639719852148
894,33.261457860698684
895,24.286897867359038
896,32.279793559390086
897,35.74126016932495
898,23.748673384559716
899,24.607048421989788
900,34.327730252280816
901,26.096924292779697
902,38.34932231234056
903,36.16282121476236
904,24.628192209149837
905,25.691851808681342
906,27.865657918195563
907,26.680051252617297
908,28.721276284156154
909,24.834923699384905
910,26.542378463331275
911,25.558011377680977
912,34.65470067907174
913,29.644003181405587
914,26.452391451108923
915,25.055392552039553
916,20.18818786591715
917,25.936207359532645
918,28.855684407520222
919,28.827512224128483
920,31.285065532067023
921,24.895917255114856
922,26.114295361117986
923,33.68905409262721
924,24.832648609256694
925,28.297612651815257
926,37.81753681408338
927,26.863824498455145
928,29.20563123979811
929,34.30272427998827
930,26.81078557934493
931,26.12219161255835
932,24.551600413673434
933,25.264352511241757
934,24.860109900895168
935,32.2866088047611
936,36.982221528038075
937,24.12023179868158
938,33.52296294336139
939,26.079216708658983
940,27.443681018491517
941,28.35221087047794
942,26.48144634989459
943,25.044436917240784
944,25.835315351921807
945,25.39835856248106
946,32.638891115459316
947,28.240641432023864
948,34.039362817086385
949,25.13707139272075
950,36.59554937233527
951,30.53350637871187
952,26.32172058787823
953,26.281266909035573
954,21.402159588133827
955,26.22779796974219
956,28.93997717747727
957,35.17507549025301
958,36.23179745679424
959,24.68320222174728
960,24.723444253402292
961,40.098156237530716
962,25.291387031441428
963,22.049454090118804
964,31.866304613013142
965,29.77443830905232
966,26.429366439346744
967,30.50024331904645
968,25.10540937143484
969,25.663709195970256
970,38.64339947546369
971,33.37363143757551
972,25.738178881769144
973,23.538382609547142
974,25.369507506122716
975,26.4068417146039
976,28.182346079413684
977,28.13061164403765
978,33.01163989523856
979,33.71497337272885
980,25.833016967425632
981,27.18428600565563
982,24.56081265172479
983,33.20786791639404
984,25.586931800840393
985,24.56919587591963
986,24.802891461193838
987,26.227263038533774
988,27.314974657411767
989,34.522419546354385
990,27.390656942140545
991,34.54750722036128
992,25.99449997542883
993,39.02987113625626
994,26.621922097780015
995,25.790508484765848
996,27.609756774427147
997,33.23154067520979
998,25.615871829499376
999,36.241273952151886
1000,25.314731557031926
1001,36.56243914771976
1002,29.424983681100862
1003,25.789637332855612
1004,39.9692347665779
1005,25.59787014935212
1006,23.596385079944028
1007,30.626852120805182
1008,25.430949998464015
1009,33.448387427149314
1010,25.51205572813852
1011,26.301688569149004
1012,25.597680080080448
1013,24.264949623933873
1014,33.17065801797586
1015,24.278316007257196
1016,27.778778488039144
1017,22.237633039493314
1018,30.99272342541947
1019,24.31201569397947
1020,25.7427173057443
1021,26.469521438968446
1022,29.443876881037166
1023,35.43037761765953
1024,25.496381760506438
1025,27.518260169661247
1026,25.65997550489252
1027,36.900038645861926
1028,35.01633064009066
1029,32.662915039214404
1030,26.776546541074122
1031,27.010813550251406
1032,38.41256079444249
1033,20.904030341240915
1034,24.99908575825641
1035,33.52770059991053
1036,25.331801190559638
1037,26.572438078094336
1038,24.934621560006033
1039,34.389202920658214
1040,29.15752445163762
1041,24.82334431358001
1042,24.34047016906916
1043,32.05293384849412
1044,27.472125974682363
1045,26.123196956654375
1046,36.77334785101234
1047,30.45786133481422
1048,36.41266657784097
1049,28.0531135976162
1050,26.26961826422239
1051,25.519122681854324
1052,35.23445055344901
1053,25.679109323656988
1054,37.10991192103351
1055,27.61196772380573
1056,31.415194565301864
1057,24.67409308493671
1058,27.176148619346936
1059,37.91988697315651
1060,37.919789529652874
1061,24.901891401076742
1062,25.13971134321941
1063,27.48229911332743
1064,28.177700158530193
1065,24.05112982485589
1066,25.2984247118699
1067,31.08285904545044
1068,25.033510213450057
1069,25.738349039636947
1070,24.29105386130938
1071,25.360126743967783
1072,27.400227795966096
1073,29.126479110377485
1074,24.50687678854401
1075,35.66655856356466
1076,26.586498542892066
1077,24.944564407559028
1078,24.35179950858616
1079,32.298185114539116
1080,23.604151003522226
1081,26.667899446566476
1082,28.348027508696262
1083,24.77896768771378
1084,25.552928578147398
1085,26.563420347633603
1086,26.700548511115464
1087,25.089680542424535
1088,24.787620290420044
1089,27.215712952592234
1090,30.959854172329813
1091,25.089652685944017
1092,25.35887980511231
1093,28.31901159438096
1094,25.475947193556806
1095,25.06821035706265
1096,32.875855262370735
1097,32.379415419633624
1098,36.42835430260624
1099,27.32526064704923
1100,27.001938214169897
1101,35.519032598585284
1102,26.769864882984592
1103,34.11992217874998
1104,28.227973469261816
1105,25.969946763608
1106,27.680814397041033
1107,26.59056872753007
1108,31.211159363802835
1109,29.635373481902157
1110,26.745958113343754
1111,25.061475750624062
1112,25.005320653151472
1113,27.39954250035704
1114,27.937577001099307
1115,26.173347020598122
1116,37.729723731097884
1117,33.6590523493466
1118,25.875176788968847
1119,26.005988075362602
1120,30.671067368083463
1121,27.261375358493623
1122,25.469429068782787
1123,24.96049519734302
1124,28.0084562979471
1125,28.006918553221993
1126,21.788715299474333
1127,33.45787892489682
1128,26.54479791063857
1129,26.057901960977283
1130,33.4887169237452
1131,34.12237594325294
1132,33.11949459881256
1133,34.49298130401171
1134,24.753835666996395
1135,26.270040521058014
1136,29.00878019239812
1137,24.93948435024162
1138,24.290746988250866
1139,36.57427551904859
1140,27.516672655639546
1141,27.449495587965544
1142,33.50248985605812
1143,24.508431491836873
1144,23.97152459980172
1145,27.63830719269967
1146,36.053477772539644
1147,24.966137199833035
1148,30.59436290327703
1149,26.289093133653502
1150,25.842362671640075
1151,31.762279493670345
1152,32.418196815961124
1153,25.70943371282946
1154,24.047341002566892
1155,35.04932569963935
1156,29.442990494746972
1157,29.10645712230423
1158,32.51426127613821
1159,33.14908202554623
1160,30.65105450614043
1161,25.571395557201427
1162,26.851110975846133
1163,28.039765475746428
1164,30.867033940879132
1165,28.875431627481934
1166,36.14315111133419
1167,37.209436304141434
1168,27.74995732333882
1169,27.91773543981398
1170,29.384597719839217
1171,24.6519029405706
1172,25.356050891236666
1173,24.722773592907938
1174,27.508137801923887
1175,22.1600025037746
1176,25.751493503739667
1177,28.53254493307014
1178,24.625954399751258
1179,25.750577391709417
1180,26.079633720224713
1181,27.003396974554313
1182,26.6757435469542
1183,24.829096687850885
1184,25.444523273569875
1185,25.032318732130037
1186,24.89638918189144
1187,24.84691143283066
1188,28.92593398886567
1189,24.9828184629702
1190,24.80668793824061
1191,35.18813211401148
1192,33.27289832471351
1193,22.028627565349776
1194,34.4367521828646
1195,26.9430504238451
1196,26.216499298419606
1197,26.344777679140442
1198,30.159050156130746
1199,39.79122880891862
1200,27.894250011483223
1201,25.813275142277853
1202,23.346259832620447
1203,25.394589173924345
1204,27.13671836393361
1205,25.73962022085785
1206,33.56598860803858
1207,36.14790108927426
1208,32.48199480933645
1209,34.98519566018632
1210,36.48845490479769
1211,27.990234638760608
1212,26.582246794847734
1213,30.775229210977127
1214,25.116321552069586
1215,28.186901235726054
1216,38.4607039501002
1217,26.56107587365488
1218,25.74448375864915
1219,30.422947318191675
1220,24.15135600501055
1221,27.95416728638112
1222,30.95944175838158
1223,24.64455946991237
1224,28.698419874425525
1225,26.331454327858566
1226,25.674230534799058
1227,25.725573442421293
1228,27.94945451804107
1229,27.36771448998663
1230,26.103371090477474
1231,33.476814472747506
1232,32.013674900151415
1233,29.51126701890382
1234,25.61787429592558
1235,33.57469129646314
1236,26.09478197894343
1237,31.058883464959145
1238,27.836249006098583
1239,24.31381055980346
1240,24.45559401497952
1241,36.48212460724102
1242,29.09039508049291
1243,22.959238403988664
1244,29.759730997212575
1245,35.47493395436759
1246,31.22972742538477
1247,25.02153969157324
1248,24.85391093665759
1249,25.987031751568473
1250,23.264030329079837
1251,26.892438477715086
1252,32.80185975841381
1253,25.457781828894696
1254,24.531534389750373
1255,25.002360802888433
1256,25.38275346856889
1257,23.334482481265823
1258,25.186895778947708
1259,26.869687939707994
1260,26.783029645813546
1261,27.79578328089651
1262,29.145253484021335
1263,26.769766682165173
1264,28.817790143644213
1265,34.18728261769516
1266,36.007687710153405
1267,26.046179411570225
1268,36.09352328093921
1269,24.474609829081523
1270,30.79732268662008
1271,24.14771140385394
1272,34.705809029136375
1273,25.55219382564929
1274,26.93071473488068
1275,24.88058329516416
1276,25.796724628383053
1277,26.38210426613115
1278,25.784906014473062
1279,24.155705352772053
1280,30.270330608155632
1281,36.12623708260591
1282,26.445048998662838
1283,24.585155507844267
1284,26.69652912297911
1285,26.108373094067865
1286,26.344995177135292
1287,26.608339587423817
1288,25.54082407446014
1289,25.220590830353853
1290,27.246233847334423
1291,27.854760724746157
1292,25.665260320592648
1293,25.961753593209846
1294,24.799580836033677
1295,25.972373285943743
1296,25.879192572545083
1297,26.414661596519412
1298,33.33894575833898
1299,27.56940443462859
1300,26.471287854319836
1301,27.56022275820164
1302,25.447056250329464
1303,26.836249884537747
1304,28.18649167222915
1305,26.50570554016474
1306,26.867643373527066
1307,28.339462041749123
1308,25.814831335391982
1309,25.757173854373708
1310,27.10160625266813
1311,25.245790549418288
1312,27.323172094244093
1313,28.227543620949245
1314,25.86811801103824
1315,25.639076030257176
1316,25.52122274993519
1317,25.920806957964295
1318,26.978480389687107
1319,30.805637210749257
1320,28.735519035101703
1321,25.711252583314966
1322,27.373169002429588
1323,26.71516404506608
1324,25.96841214792766
1325,28.837603699952442
1326,26.20016476183698
1327,25.736521706391983
1328,31.343107307337277
1329,26.51835170499397
1330,26.424751819965866
1331,26.55331648544698
1332,24.951864173051874
1333,27.060738160452843
1334,26.568595049639992
1335,25.46742987736427
1336,26.505841377037953
1337,30.91966004543321
1338,25.170014053962166
1339,30.8533512220143
1340,26.16636516406421
1341,25.048273328333682
1342,25.6817302407678
1343,26.256711604559555
1344,26.372498785637102
1345,27.895025549836557
1346,25.327612407356927
1347,26.07157521172566
1348,27.378117617424465
1349,29.099779578764036
1350,26.398866015693137
1351,25.705362455358813
1352,29.957216433166334
1353,24.996955065299037
1354,25.867297622185667
1355,25.392191417844156
1356,26.147822826469667
1357,28.436500087002752
1358,25.992411807975426
1359,30.263572051417263
1360,28.542420125791956
1361,25.109050777555048
1362,26.116763709374812
1363,31.42048916708862
1364,25.723908285906223
1365,27.397411833571315
1366,27.607924014777517
1367,26.263265651737058
1368,26.459456376520972
1369,30.421650203600038
1370,27.343389829443666
1371,30.370028961462328
1372,28.729605209896356
1373,28.674048254575872
1374,26.324616021319372
1375,28.670416981124028
1376,25.65877681651883
1377,25.908428435158537
1378,30.512206166977403
1379,25.04941067534061
1380,27.14451599164847
1381,25.82185470578855
1382,28.38810396239584
1383,25.11542309978853
1384,30.246926967758146
1385,27.264423113065565
1386,25.85048073779587
1387,27.275871911790386
1388,26.67170355101661
1389,26.703017637356222
1390,25.9844223725147
1391,25.78614125612384
1392,29.2019846569184
1393,26.567299430717824
1394,26.47898677700029
1395,26.020275978879503
1396,25.996906097884615
1397,25.723704660035647
1398,28.71934255722326
1399,28.298255249270294
1400,30.043608624314942
1401,30.701308067959726
1402,26.0417446788152
1403,25.93519550187838
1404,32.562086634319364
1405,26.885250728303546
1406,26.29120024393957
1407,33.3921079680934
1408,25.30804286977906
1409,25.94900164621428
1410,25.1798028562225
1411,26.856203540624804
1412,27.863041675942835
1413,28.74913617872991
1414,26.45742709165308
1415,32.33549025396059
1416,30.92329390193133
1417,28.77596993614909
1418,24.714341654100394
1419,28.437072699776422
1420,25.68694851269327
1421,29.23013095625778
1422,32.47805474487394
1423,26.70265717341471
1424,25.568329627608065
1425,24.81820365638838
1426,30.835927566059794
1427,32.00904406903229
1428,26.54487458872293
1429,31.97664887605304
1430,25.868398610493397
1431,28.371512459271422
1432,30.335106577965306
1433,32.26456068655677
1434,26.04299575425283
1435,26.816047170285714
1436,26.651287508348545
1437,27.72728821945043
1438,27.085001298493324
1439,29.07311266313253
1440,32.884610170683764
1441,25.158858240204975
1442,31.826792631193968
1443,27.08410744280819
1444,33.59869428443355
1445,26.28420418412655
1446,25.665850570744087
1447,26.239646898174446
1448,31.351273571370378
1449,31.16930862262883
1450,26.412171241312862
1451,25.679232224106144
1452,27.207347588903794
1453,28.179708534933532
1454,27.485607734098004
1455,31.701140175133695
1456,26.739080352531694
1457,29.35352893351979
1458,26.28034962788941
1459,27.65808440474748
1460,27.849148680918766
1461,27.22209141309058
1462,28.809508978412573
1463,26.657831215189017
1464,30.770683601752445
1465,25.777411859596082
1466,31.97029728403099
1467,32.45358031138372
1468,28.667360521168607
1469,26.115932499687634
1470,26.98392370821495
1471,25.606376825190537
1472,27.03247975175002
1473,26.162199860406172
1474,27.0598583147724
1475,28.73029713160119
1476,27.66667287857456
1477,26.604593163922832
1478,27.27436574744996
1479,32.034961612959236
1480,27.743930877457586
1481,26.186809923467848
1482,26.457815176981462
1483,28.89476890419202
1484,29.665820882214284
1485,25.08246525196243
1486,29.193307567061275
1487,26.453030421586817
1488,26.00202456975429
1489,32.281788625287334
1490,32.40737165985266
1491,30.648583437203268
1492,26.81739709641459
1493,26.102575208229872
1494,30.919836902422464
1495,27.740806319128026
1496,24.869949777167754
1497,25.93708482171768
1498,28.119996905497963
1499,25.2292734802575
1500,28.640156284433445
1501,29.822792426053326
1502,29.719275833283717
1503,27.36136104440634
1504,26.736383195713415
1505,22.76011914758566
1506,26.384634913924003
1507,24.823831380503663
1508,31.43567889671953
1509,27.119183136386212
1510,25.326487580121388
1511,26.437771414245855
1512,25.473924898662748
1513,24.771093619090585
1514,27.05806623928244
1515,25.98420803033308
1516,31.69970919850983
1517,26.14058930862403
1518,27.202391651651045
1519,27.244377533360563
1520,27.312895422953183
1521,29.03076718319072
1522,29.724536358475884
1523,29.29705131357835
1524,26.026419224773235
1525,26.82799964568015
1526,26.126086790734437
1527,25.656380179970615
1528,25.152283684446893
1529,25.562538810876703
1530,27.314157394266914
1531,25.649350247858628
1532,27.50256129103995
1533,30.46328994622281
1534,29.0789378115704
1535,27.42949484522961
1536,29.748932922542263
1537,24.785244774150453
1538,26.246760169389063
1539,30.88475410162421
1540,26.98918349103505
1541,27.357221875611607
1542,28.202099899595744
1543,26.493275539744868
1544,25.28814361259506
1545,26.72921085707689
1546,29.16650324917179
1547,27.518493184254595
1548,27.962721992910293
1549,28.236986046079785
1550,24.979898472028836
1551,26.243424688228096
1552,26.503693722648983
1553,28.444784175617247
1554,25.310375545321797
1555,26.412373237692936
1556,24.85591881661465
1557,28.580345898703676
1558,27.76302871928434
1559,31.724590385287097
1560,26.17042185835949
1561,30.544249424091085
1562,25.747703428353876
1563,25.805198542952827
1564,25.95284849366233
1565,27.189707092308318
1566,28.90831793048182
1567,25.251517760081835
1568,28.739029153342617
1569,31.625050648555384
1570,32.18164407161937
1571,27.736104122982596
1572,27.67835861125296
1573,27.60254036706297
1574,25.284061015161807
1575,29.978753506234376
1576,27.554829714622503
1577,32.10598307168637
1578,28.22048063991494
1579,25.80428493660907
1580,25.690987673880368
1581,26.633810618385546
1582,28.610195814248037
1583,26.70409605449434
1584,32.07452975851774
1585,27.547102959204498
1586,27.294260374011003
1587,27.30007709505697
1588,27.370094518565235
1589,30.869842840841457
1590,26.594414351243067
1591,25.807940204596832
1592,26.277233399635957
1593,26.00027515180765
1594,25.593922099957066
1595,26.519903958783676
1596,29.692631826948094
1597,30.646211924951416
1598,26.04572487431814
1599,32.944461446519306
1600,27.04395522948045
1601,26.39863896333946
1602,25.923156011718085
1603,27.144126453839355
1604,29.844993718138262
1605,29.680959380935136
1606,27.712723577165562
1607,26.78250597262116
1608,25.677380376849282
1609,26.85393487271408
1610,25.962230790712326
1611,25.466916248903637
1612,25.96890293529492
1613,27.92165132784075
1614,29.43525838350314
1615,26.773510821205686
1616,27.769273656650842
1617,30.504442373300133
1618,24.161778068392245
1619,25.732319340963024
1620,26.21861798194753
1621,29.83647302188345
1622,25.63185234239376
1623,26.457186378341678
1624,25.634696251473912
1625,26.15867345115673
1626,25.891343473192965
1627,32.20507087146438
1628,25.002685075933304
1629,27.259895366934053
1630,25.936448113793453
1631,26.07860371680446
1632,26.78328412107989
1633,32.5457920678217
1634,31.69729275993726
1635,25.716332945415303
1636,25.77295737416456
1637,28.692350408192212
1638,31.144535061831185
1639,25.93381399102646
1640,26.784589817217157
1641,27.050874311585613
1642,26.71059619716533
1643,29.882792101811592
1644,26.974087200973713
1645,29.83623516492012
1646,28.159028753254905
1647,30.670593428149562
1648,25.312804704606492
1649,28.921943874685354
1650,29.506022914771545
1651,26.80233892696127
1652,25.001779546102505
1653,25.909671754106412
1654,29.66371414159615
1655,27.77038777183988
1656,26.304996040290533
1657,28.538154582643234
1658,25.316946401688686
1659,26.635191317805592
1660,25.696912321973628
1661,27.499405940758994
1662,33.85938600458394
1663,28.552148507787287
1664,26.716641114131036
1665,25.51943733200484
1666,27.45088874084776
1667,26.225611340872355
1668,25.46003148650066
1669,25.84502897967374
1670,26.265174014351892
1671,26.116869742369744
1672,27.006358935432353
1673,27.024314719247123
1674,26.910191545954763
1675,29.394305260840596
1676,28.099671968687858
1677,25.544226278494005
1678,32.061641778560166
1679,26.08813368859886
1680,25.77041495300989
1681,25.655537803462767
1682,29.09549019386808
1683,23.450359045006188
1684,29.96127186444583
1685,24.769585007768768
1686,35.92597279689761
1687,29.446886707028057
1688,35.90388981369473
1689,36.699341505526036
1690,37.07092907833093
1691,32.09520039603335
1692,23.310510423372378
1693,24.937704002872128
1694,23.61393654988229
1695,25.259211993155752
1696,27.226467624601213
1697,23.980823392402925
1698,25.947197724536196
1699,23.599001142850938
1700,24.32275351152441
1701,27.631905557271423
1702,31.223487900803885
1703,31.004916117005806
1704,39.14600420051865
1705,23.551380173153824
1706,25.979222487503442
1707,35.26884153466672
1708,27.49737548907886
1709,33.074942010489565
1710,31.607466612928686
1711,32.58115388085292
1712,29.084673564634585
1713,33.22902006365334
1714,23.694819941980604
1715,26.514275748892647
1716,35.366214169679644
1717,37.11756232236823
1718,32.25922211929007
1719,32.48817029019001
1720,23.631302810013402
1721,24.71042581729194
1722,24.307772713524223
1723,27.131830599143445
1724,24.038509263896252
1725,33.013117500583114
1726,25.890864830786988
1727,23.61923124574085
1728,23.387679072238036
1729,26.238418975299467
1730,30.981451819454836
1731,31.927985097557556
1732,40.07381421348572
1733,36.71994293737352
1734,25.16935439894585
1735,37.71335131240703
1736,26.419316897254678
1737,23.7625758758041
1738,24.381065115882883
1739,25.01947882124857
1740,24.273592333977366
1741,38.50614988632775
1742,34.42965694430242
1743,25.674809787600154
1744,25.63489718756094
1745,31.47334830126212
1746,23.496754898179812
1747,26.293814279320085
1748,40.33526172361697
1749,32.641283218166194
1750,28.822740177348543
1751,24.71437740818368
1752,25.051301260005282
1753,25.52609425089038
1754,23.54286731923376
1755,24.346601612301008
1756,28.62310938104299
1757,24.993570929218272
1758,23.96489900269097
1759,35.080211681349375
1760,24.616384489728397
1761,35.420954964706155
1762,24.766359503457203
1763,25.232303986696614
1764,31.11776890778541
1765,24.789110057807207
1766,24.015210826756874
1767,29.135032853010873
1768,38.71500912767587
1769,24.913788866383634
1770,25.05082470659177
1771,31.60586175796793
1772,28.263616358577906
1773,24.23493083323531
1774,30.115178116377574
1775,24.539437687067895
1776,28.285796666491343
1777,23.61987673583159
1778,24.972263190263067
1779,24.575180246539784
1780,33.537784225870126
1781,36.205123335668254
1782,25.108834547428152
1783,30.792537874525042
1784,23.587915070092713
1785,29.06077348032955
1786,25.35568252977042
1787,38.96995417292703
1788,31.900102735999972
1789,27.026200958727017
1790,25.98092453591748
1791,28.36789755253949
1792,33.034245728496074
1793,25.220654722438205
1794,24.74066992220803
1795,29.4019766411147
1796,24.25437776523602
1797,38.49247431222027
1798,36.968184544895244
1799,30.996438981743054
1800,34.349817181120464
1801,37.94348581763571
1802,27.7225080768201
1803,29.334389831970288
1804,25.792476735868718
1805,28.05215733040289
1806,28.699968514432182
1807,25.62590411409257
1808,34.37933673526915
1809,27.67919043543725
1810,34.75727342163661
1811,24.36951993026981
1812,25.810441280651613
1813,26.652705823328915
1814,34.8666616790667
1815,23.88406943601775
1816,38.97531191274693
1817,32.147440843251104
1818,33.12858738413421
1819,35.04405313760938
1820,31.70638380941737
1821,26.562577591734758
1822,25.7628063061417
1823,26.30686888753014
1824,26.367060293679717
1825,26.76510385978515
1826,36.385460875505004
1827,37.98060798103519
1828,25.514322638606544
1829,27.24672618993235
1830,25.12748070248503
1831,39.46902501550526
1832,36.14121489823618
1833,33.34050148742001
1834,24.70537796489543
1835,26.013505382377822
1836,29.865514042244627
1837,25.198526394151077
1838,31.612181701658614
1839,38.468661881258214
1840,27.15242304857383
1841,23.39353317329933
1842,27.982831528788314
1843,28.0444434120461
1844,26.99437545816028
1845,35.7144475955985
1846,36.14309231334539
1847,29.011030577930757
1848,31.774643515264344
1849,32.39227274390611
1850,35.83492210945482
1851,24.018993903970113
1852,37.2817235261096
1853,25.096509003316946
1854,29.219589442072525
1855,38.511174665006095
1856,29.9644012165119
1857,25.022541014893896
1858,36.26421166053318
1859,26.371166916219153
1860,35.91003514777084
1861,38.323927105292086
1862,26.283437049365283
1863,25.74637825739787
1864,27.420530234042463
1865,25.52157416693027
1866,25.00629356795482
1867,26.542480030720416
1868,23.918081986921834
1869,24.64626748925917
1870,25.855090069352133
1871,25.155996684899005
1872,25.4419429086677
1873,25.855348638331513
1874,23.32982016169381
1875,35.56460980162228
1876,33.705096501319524
1877,36.4042261261627
1878,24.05638373134993
1879,24.64420289889869
1880,25.050765179572913
1881,23.25007485517973
1882,24.838589197053487
1883,39.99109143550661
1884,27.175997283771082
1885,36.46473009097337
1886,27.430018958727924
1887,33.267216273762344
1888,37.313597923099394
1889,23.29301874048788
1890,34.82337426295338
1891,24.838351151264387
1892,40.60109631736985
1893,24.240278144381236
1894,32.974576160110075
1895,23.6403122437911
1896,26.437617259552805
1897,33.58253705348369
1898,25.72423390881638
1899,26.695864091199336
1900,31.780270893499857
1901,26.642916134103437
1902,25.204285089973936
1903,23.26567475459192
1904,25.43510516912675
1905,35.48923257434194
1906,24.881624206980185
1907,34.95911216492692
1908,28.57481048498165
1909,35.70693460557124
1910,26.173072088249487
1911,28.469830108818616
1912,31.742519802895192
1913,26.366654097269397
1914,26.642582737861122
1915,30.785722372572227
1916,32.71943846644259
1917,34.40975354691358
1918,31.20365163957391
1919,24.800224169004778
1920,23.753874713167313
1921,37.87386837184904
1922,39.70318045212473
1923,23.556664124208204
1924,23.91045305249228
1925,24.146696968439397
1926,31.177634161196597
1927,35.79970142406208
1928,26.240522418407576
1929,25.187330131997754
1930,35.72286888118433
1931,36.591167784056864
1932,42.838818675743624
1933,30.45087504044932
1934,29.816465623178633
1935,24.039239492266987
1936,25.278154735899665
1937,30.86638356189559
1938,24.330506115630637
1939,25.776343167698737
1940,24.891033982637513
1941,24.012571010978327
1942,32.85215724943322
1943,30.34541185162484
1944,24.158758208107763
1945,27.151094042932826
1946,25.29465294849304
1947,31.896196682687513
1948,24.22408260913493
1949,26.46981141782823
1950,24.053242064372245
1951,40.5117226161354
1952,38.163001498171276
1953,25.336554295188296
1954,34.57377869461756
1955,31.738650010509726
1956,28.430881803624423
1957,31.12146904916564
1958,24.881097041953502
1959,37.2629209292342
1960,24.986491083670828
1961,38.42528854898379
1962,23.463935465425223
1963,32.70741160610807
1964,25.516083876482593
1965,38.430338798145876
1966,29.70463292302605
1967,33.83864247672636
1968,24.422115025985047
1969,25.09563041204387
1970,28.93073502638129
1971,34.12512238715925
1972,38.81527090579473
1973,31.062563096271457
1974,38.335566239717025
1975,27.15607637846091
1976,25.835935795431872
1977,29.359548428737465
1978,35.11825683307032
1979,26.822465485608
1980,24.819003600016572
1981,33.646748226413074
1982,24.247277096905794
1983,24.75498352169313
1984,25.426871803403362
1985,27.36245400132441
1986,24.221186746604957
1987,25.700270870830956
1988,25.50196670484928
1989,24.645814431387187
1990,36.2392005880516
1991,35.098642187946226
1992,26.630928936683805
1993,27.02538137718632
1994,26.903716310636828
1995,24.59286898274211
1996,30.035905097987786
1997,31.16328724828575
1998,25.58778273613759
1999,39.06304244191219
2000,24.577338002981016
2001,35.44873412101269
2002,24.829587585749067
2003,26.625314430458555
2004,26.82868941854352
2005,28.07524055098057
2006,33.07541227008933
2007,24.13249812939535
2008,25.182430989983658
2009,24.155330722849964
2010,31.295568979803186
2011,39.543462323164064
2012,34.75850020516952
2013,24.59612510257215
2014,32.02241816321389
2015,42.41716277838731
2016,35.13575324127464
2017,35.147796692279
2018,24.67799219878915
2019,24.97798460731505
2020,26.2155744840993
2021,24.45866171020327
2022,32.396991893014956
2023,40.69634205070666
2024,24.925182151643185
2025,26.57731942082101
2026,23.76114984481859
2027,28.7143040308934
2028,26.68790943969773
2029,24.620239455902016
2030,32.565208850019886
2031,25.904253885482056
2032,36.78992514728192
2033,32.57190778219572
2034,27.612935412404802
2035,25.795780229714925
2036,26.08044315625944
2037,24.015522209206527
2038,32.651033591947844
2039,23.48859294163985
2040,39.64515356600691
2041,26.083094536603266
2042,35.44947076219355
2043,25.198354416558836
2044,25.276744359202933
2045,27.22719152047355
2046,26.402799655502687
2047,26.657508061305023
2048,31.5565981069846
2049,25.91415231800859
2050,27.720350502088984
2051,24.828485580879427
2052,26.001720219240763
2053,37.309744010273995
2054,27.74239778484541
2055,27.935083932535466
2056,24.742593630865436
2057,23.483541880045127
2058,38.415322784033364
2059,22.81772108047477
2060,26.81938257159393
2061,28.68158581438471
2062,25.240372214681603
2063,25.40906757734223
2064,33.01035983779971
2065,25.83000342227123
2066,28.04841067396732
2067,31.095548560980824
2068,25.24925658912938
2069,26.517434341858785
2070,31.66868342407636
2071,27.182992825826425
2072,25.133845501003552
2073,29.888151934561076
2074,28.04210154784955
2075,37.7547831572648
2076,24.869639690342098
2077,26.046947083276937
2078,28.777552079495237
2079,36.19514653835235
2080,33.595157803788304
2081,28.0183395934845
2082,24.449322578046303
2083,29.403209839583184
2084,24.117992534487755
2085,33.52365851491882
2086,28.515789248342145
2087,24.877957749974236
2088,24.212605361413857
2089,36.113110611060925
2090,34.63644601019533
2091,25.498324013812827
2092,30.882246701736307
2093,26.81523493915612
2094,35.82544708327761
2095,24.301429739950052
2096,33.33190108417914
2097,23.037206237485627
2098,24.709559899729168
2099,30.968614200326698
2100,28.618192905169767
2101,27.140210104878527
2102,26.744058107722104
2103,29.6788032954444
2104,25.903273713033908
2105,27.73136189095526
2106,38.33505614737896
2107,30.23728668600517
2108,29.178108633556445
2109,24.246500585487233
2110,25.133434393871866
2111,29.06166422604719
2112,24.239894917455803
2113,23.95076413020778
2114,23.535129216785776
2115,25.312615121626763
2116,30.165153139170982
2117,32.552681933651684
2118,29.034722845935292
2119,27.398780234478345
2120,24.589122944347622
2121,28.6650647576024
2122,26.454233563955494
2123,28.056985983551062
2124,25.31041766127334
2125,32.91498271677427
2126,26.751980549019994
2127,25.892164472065723
2128,27.178831196699726
2129,28.942867978354926
2130,30.90493201095792
2131,25.5982147344783
2132,26.83531432285476
2133,29.973150912650198
2134,33.42663188276512
2135,28.146707758447835
2136,25.41751263968941
2137,27.40579094152218
2138,26.311834761731014
2139,25.480313643943155
2140,24.140239090900657
2141,26.19435129478745
2142,26.111124503968277
2143,25.559985993985432
2144,31.775022853519516
2145,32.666693420342085
2146,25.3850036940552
2147,24.91965530412829
2148,25.106144144406034
2149,26.285640645719685
2150,28.294887278065787
2151,33.82593968648054
2152,28.515984490470238
2153,27.22319416508769
2154,34.887507110022376
2155,32.29120502381596
2156,24.540784782039786
2157,25.510425350061208
2158,28.62105251449091
2159,23.735386465378188
2160,30.674593956067202
2161,31.77132514999
2162,26.483449809133827
2163,30.199505270657014
2164,28.580926766401387
2165,28.50263581272521
2166,27.51915167021195
2167,27.13374529666114
2168,25.8985593769668
2169,24.276944821609575
2170,27.580284445785146
2171,24.86268440295108
2172,27.74827821643124
2173,25.739303922195603
2174,31.291046917541525
2175,23.97771332338364
2176,25.212274192257357
2177,25.723688944326412
2178,24.676995890358384
2179,27.220670952537635
2180,26.635416855321992
2181,32.20442827448685
2182,24.634245257669836
2183,27.347490537450927
2184,25.301730377473618
2185,25.575873793376665
2186,32.500186861706226
2187,26.386096289926567
2188,33.12545676993922
2189,26.073970271132957
2190,24.90126701908939
2191,27.612822096120453
2192,24.01886295868221
2193,31.902083365172363
2194,25.62085568971603
2195,25.609917991671608
2196,32.849229647853974
2197,32.420002689506305
2198,27.060055426746146
2199,29.37468683347454
2200,33.87920793879275
2201,33.70987194674964
2202,24.12350404694115
2203,28.009900653207325
2204,25.655399996756067
2205,28.269509732912923
2206,26.919680033523406
2207,33.73450697517548
2208,25.54409029550179
2209,25.327276499037204
2210,26.998371279712593
2211,24.66709352549376
2212,30.06444671533165
2213,24.433354915482962
2214,28.331380596666747
2215,25.18442466638465
2216,24.92763021575515
2217,30.651372973287746
2218,25.890423493532204
2219,32.94811081839598
2220,30.63179101077468
2221,33.365980617627294
2222,26.66718207517296
2223,24.012656074240272
2224,28.03258536235937
2225,26.84212325650865
2226,25.482920982140136
2227,25.140579879636135
2228,24.216786119843466
2229,30.426429951582083
2230,32.1481755194563
2231,24.961669052508192
2232,30.286205395850974
2233,33.05003903805221
2234,24.337618777830286
2235,29.67045699355101
2236,24.699989848565572
2237,25.3490303753263
2238,28.34390494679749
2239,26.817944233803804
2240,28.81370071639482
2241,26.267066154763743
2242,26.29615068332214
2243,26.381378223832154
2244,26.21127959546707
2245,27.100511701230708
2246,24.198371877780428
2247,26.804827886943585
2248,24.03774744868754
2249,30.832226230885368
2250,28.03080088474671
2251,26.756668122080406
2252,26.391129327383545
2253,24.07116746282464
2254,24.87419422790091
2255,31.436809394705797
2256,28.13678334059105
2257,27.912892426188378
2258,29.899263464960256
2259,30.49667042942907
2260,24.800642239067187
2261,25.703993463557627
2262,25.89249047014938
2263,23.69213178042969
2264,32.81787094638701
2265,30.305061381081174
2266,28.232484566912454
2267,25.21316465328521
2268,25.990073659867058
2269,24.038917802553904
2270,28.339788871238184
2271,26.25806572286401
2272,25.144345797352507
2273,24.948875041540933
2274,25.422700212079203
2275,29.95225012145079
2276,26.74711417318953
2277,31.630875669423443
2278,25.22564595090533
2279,30.080656016267447
2280,25.206482424930492
2281,25.67368156171769
2282,28.141753871268342
2283,28.205509270617128
2284,24.719600747911983
2285,26.580011719767242
2286,26.663655109962956
2287,27.340081043156303
2288,30.879243994602284
2289,25.95701250943021
2290,26.57462892043827
2291,26.730271059760653
2292,31.5805862057266
2293,33.51622541428185
2294,24.972647933531064
2295,26.198220546822263
2296,24.237511291248794
2297,25.659626561707753
2298,26.166617378409075
2299,24.23542514578593
2300,27.17533567685099
2301,25.2186871129974
2302,26.02211873653492
2303,26.055184698330073
2304,24.98260364325329
2305,25.669593723439654
2306,25.310325389190762
2307,26.23558988117663
2308,24.749535162485078
2309,28.27265123755615
2310,28.955922066159463
2311,25.543146286748033
2312,29.487668987003367
2313,25.243649171966972
2314,24.498054622642744
2315,23.850486786547343
2316,26.588743854500077
2317,26.492022086892593
2318,27.449194829564792
2319,31.41812941637017
2320,25.982888007800753
2321,23.75172388838731
2322,26.620992449164937
2323,29.022498544814777
2324,25.418844505140584
2325,26.008447892202707
2326,26.96605532767937
2327,35.17847996203569
2328,25.807013138567243
2329,26.46231540869399
2330,26.065541510571258
2331,26.033747468959426
2332,24.030220862565756
2333,26.041909148460675
2334,25.037454124044014
2335,24.15030080860044
2336,25.23957868330191
2337,36.890717891172415
2338,24.677455153815703
2339,24.04858273754442
2340,27.63256231819948
2341,25.70879662235869
2342,30.83595592977654
2343,24.743303834386737
2344,26.27822400981704
2345,24.298633437895173
2346,25.58977937510349
2347,24.98188999112878
2348,28.00603033829059
2349,27.316788038901244
2350,25.71871273279229
2351,24.924498059573896
2352,29.69672253725421
2353,24.759905195274108
2354,27.385403560439762
2355,27.910518806974675
2356,24.27824989854364
2357,29.397228949387753
2358,25.51744652401542
2359,31.347571179309845
2360,28.05311670377173
2361,29.66364508233889
2362,26.359932883722415
2363,29.946649049191137
2364,25.35012309695267
2365,26.927647078608683
2366,34.0563487640745
2367,25.310794770098532
2368,25.951837702166323
2369,27.62515092153981
2370,27.221596118196313
2371,25.20762800164519
2372,25.238072229299043
2373,28.452171329249495
2374,31.757662069861432
2375,25.306328027748663
2376,28.617200860320914
2377,23.829567996114122
2378,32.3339414943045
2379,32.05656335089356
2380,26.479111625609622
2381,27.13422093012568
2382,26.225393727354483
2383,24.772403825113123
2384,26.098071636916355
2385,24.48024790190225
2386,25.73422493488641
2387,24.853047411383667
2388,26.140516216119966
2389,25.10059791210326
2390,25.387278844339058
2391,24.565309696970036
2392,30.482702927780974
2393,27.61289535104632
2394,24.42567519539306
2395,24.089373366104052
2396,23.83133280848947
2397,25.552354309423443
2398,25.803454558900047
2399,25.803330675574493
2400,27.92463989187231
2401,24.801812600956087
2402,29.749495726289627
2403,33.19273704719154
2404,25.53350166750272
2405,25.12856480084502
2406,27.44151952662993
2407,29.755891235108773
2408,25.87382619263647
2409,33.74966813248048
2410,25.89866491084822
2411,35.829116534253544
2412,24.67614776711935
2413,29.022929392870346
2414,27.863671441716463
2415,27.19093090230531
2416,27.095068246471982
2417,24.02884282515335
2418,24.42279754993536
2419,30.338670635105174
2420,25.97156134077822
2421,26.560956850307893
2422,24.611621307318362
2423,24.0347497752797
2424,27.28444800113304
2425,35.770292168619626
2426,24.028451422767326
2427,32.808242114209925
2428,24.931016931830346
2429,25.73733550336373
2430,28.039067736739398
2431,29.457818452963885
2432,25.020417752081237
2433,27.401044924876718
2434,26.622703536709015
2435,30.23853804439627
2436,28.84071438356078
2437,24.08410135483969
2438,26.729153955938152
2439,29.342417046009555
2440,26.592286670168775
2441,29.87137425928064
2442,30.387238052057036
2443,28.70423627329204
2444,25.766203368906556
2445,24.463580209625263
2446,28.67303521619972
2447,27.276820555792852
2448,24.26588315053234
2449,25.328948538458512
2450,25.418464128162228
2451,24.598603992557702
2452,25.136686981290943
2453,24.922418138286744
2454,26.483798006820077
2455,24.62103687505043
2456,25.144595393400788
2457,25.344367706857756
2458,25.25721217143274
2459,24.063278222103207
2460,28.727029621185714
2461,30.035299688706694
2462,23.703099575434724
2463,25.154381747588776
2464,28.194466086663883
2465,26.981484999116553
2466,33.55235741230498
2467,26.66101736461679
2468,29.168743472893723
2469,30.231532739052753
2470,27.97353924412824
2471,33.720660346505
2472,27.676779917643422
2473,31.161428295059835
2474,27.5132285505576
2475,29.858838801810364
2476,24.57491731166673
2477,24.066865099265957
2478,26.314778216017345
2479,32.634748493514564
2480,33.010561485871534
2481,33.749734725374424
2482,27.823504913782184
2483,26.759069381432294
2484,26.764459751577732
2485,24.672271516005758
2486,24.532683225097035
2487,27.446416224219128
2488,31.485426101426746
2489,27.803562511950073
2490,23.7643848323062
2491,28.260019197325512
2492,34.587626587931254
2493,30.44688143772752
2494,30.40918039069304
2495,25.486793876969315
2496,24.439496583145207
2497,26.854458115043396
2498,25.170720289959075
2499,24.592535415820585
2500,23.796626199557547
2501,24.162488731463668
2502,27.592660368248055
2503,26.00809332947081
2504,25.955819991358204
2505,26.947265759854155
2506,26.292347837288297
2507,24.981715036174013
2508,24.20697375718638
2509,23.429887089220337
2510,24.537237600691544
2511,26.90306955238423
2512,23.98863308662891
2513,24.859702924288566
2514,33.506113147941896
2515,25.55438160138584
2516,32.73313060429203
2517,26.364452887247396
2518,28.320148846179883
2519,26.892332890492774
2520,27.96355915217087
2521,25.66086251455575
2522,25.127323919146804
2523,26.780305661971433
2524,24.355353059328262
2525,24.506739175332612
2526,27.2022573783592
2527,29.929429908775504
2528,29.77713522559514
2529,33.27749483371844
2530,26.615162763803013
2531,29.461788870886625
2532,33.48849483882471
2533,29.905731019665396
2534,24.25319177930532
2535,25.620124930399406
2536,25.824003433427592
2537,25.89160768761503
2538,26.903103645404144
2539,24.895653213116805
2540,25.987350314791833
2541,29.662621149915076
2542,25.443101703541373
2543,26.189583952769773
2544,26.657064347156926
2545,29.451814293373538
2546,29.517853105761084
2547,29.14181558372682
2548,28.612416651694744
2549,28.046241223829
2550,28.557155786968263
2551,31.609932386555414
2552,28.74641475295182
2553,34.003401555556245
2554,28.96910395582109
2555,29.37642766396077
2556,27.776872870923775
2557,29.327835613469432
2558,32.79055450025583
2559,28.956994742204742
2560,29.67852944068844
2561,32.50137970662466
2562,29.5968098253768
2563,34.070878730533266
2564,29.629103158294747
2565,36.76526041854599
2566,28.233164020430053
2567,30.558604101173838
2568,35.354653210088614
2569,28.881678072146755
2570,28.49189746857823
2571,27.52971284638406
2572,31.946348039892897
2573,29.60958501819003
2574,33.78313624506831
2575,29.773965790884574
2576,29.362730929017566
2577,29.945688235057148
2578,32.16591129066738
2579,28.15445117217132
2580,30.575385161575305
2581,29.978938643987195
2582,32.705010185991576
2583,30.614429671927855
2584,29.63238730626704
2585,29.555676581353122
2586,32.97191959085154
2587,29.42745806379466
2588,29.470211146586426
2589,30.549881938766273
2590,29.521092664934113
2591,28.04623983043514
2592,28.96097651825192
2593,28.519314047806667
2594,31.89496763409422
2595,33.69300722171212
2596,34.667409452304845
2597,34.22589961267923
2598,28.86058236180813
2599,29.837925867724206
2600,30.521235206651063
2601,30.01842661364678
2602,29.259899863410574
2603,31.234023116069416
2604,30.508777986456945
2605,28.30082823205484
2606,29.88347852790092
2607,34.05993692777811
2608,34.79336267389587
2609,29.539085385327855
2610,30.03831557790102
2611,32.53113794067791
2612,29.715066239376174
2613,28.75173797134109
2614,27.503712496671245
2615,33.86385667300945
2616,30.316058110143555
2617,28.21367038671236
2618,30.446663437251306
2619,30.225296685026787
2620,33.663338486736464
2621,27.407607795994494
2622,28.7512356860439
2623,32.126206560383
2624,26.895230745038926
2625,31.5145934711119
2626,32.67011395785301
2627,28.503773595599778
2628,35.58646514542183
2629,32.88424852047469
2630,27.872513274278653
2631,29.970784126549326
2632,31.635870463886107
2633,29.045714688697892
2634,32.62034882611097
2635,28.608238839386857
2636,30.76970113683422
2637,34.108304923036926
2638,28.538741093315735
2639,28.34292106812187
2640,27.552726752623723
2641,30.274851079368204
2642,30.389160838501
2643,28.458992037035017
2644,32.37432821804507
2645,31.615294323677023
2646,29.258496986461907
2647,28.81541951224494
2648,29.528348046182302
2649,30.329816302331935
2650,31.0156470376355
2651,30.218866419989773
2652,32.313988130532785
2653,28.23048821935339
2654,28.96174466396029
2655,30.60796125166055
2656,29.036668282584486
2657,27.537719929283895
2658,28.624884781154055
2659,36.103004667703914
2660,29.363806979266204
2661,30.56376626723059
2662,28.316891611799925
2663,27.966531778099156
2664,29.257615650545254
2665,33.90374793948759
2666,33.41256638622979
2667,34.635336880049756
2668,29.11625201352903
2669,26.535502652264274
2670,33.2779980176702
2671,27.350497340628102
2672,29.733695644006882
2673,28.32773143558057
2674,34.29631518967327
2675,34.53155017082041
2676,31.15060074752972
2677,30.692379502647746
2678,28.968217194868252
2679,29.38432347306393
2680,28.976369954024246
2681,27.956765051104615
2682,28.57750974592058
2683,33.223453919492094
2684,26.53596207757514
2685,29.524015740506975
2686,31.610357190889783
2687,29.884181893625012
2688,32.00535161999494
2689,30.564510739964728
2690,30.026506080498624
2691,29.507708967527552
2692,29.668493091815485
2693,29.749354388097796
2694,28.660116548993745
2695,34.782115154807066
2696,29.980819211021824
2697,30.505812983339478
2698,29.546226370510677
2699,29.644164055024675
2700,29.093053462674895
2701,30.072080452916005
2702,32.56292642185541
2703,28.165474375082084
2704,28.565126582264085
2705,28.910876279228226
2706,29.667137873530663
2707,28.718257762609625
2708,28.573615795477355
2709,29.628756618176673
2710,31.604576568901734
2711,26.81252598076651
2712,31.971293524943704
2713,27.498844525102133
2714,30.226714837634855
2715,29.997519201954546
2716,32.0881925557157
2717,29.727792640006566
2718,29.239874244811066
2719,31.43516472406017
2720,30.07892082885085
2721,30.53646497179267
2722,35.711112985238316
2723,27.605627491962967
2724,33.20581670795606
2725,29.90860340188391
2726,31.28117329166839
2727,30.866827823298664
2728,31.337244043439203
2729,30.421450159226133
2730,29.337361413146276
2731,29.74443129841146
2732,29.763517600456005
2733,29.351996967908462
2734,35.29736398829734
2735,29.279059181956168
2736,35.87482814974051
2737,30.086222647171233
2738,28.681432614283345
2739,30.519389299473538
2740,27.39899744775689
2741,33.28870328308485
2742,28.32867769938591
2743,34.69368460243125
2744,28.437744989348126
2745,29.82435720230701
2746,34.288696371336
2747,29.83125959702653
2748,28.407602435720605
2749,29.349175708138354
2750,28.146641556095318
2751,34.51690947157079
2752,26.45666509724841
2753,29.459938991711656
2754,28.47282062420862
2755,31.26542493527511
2756,27.691452353907692
2757,33.94829415412553
2758,30.583469144166386
2759,30.15281975954164
2760,28.08488023312246
2761,27.516947912367176
2762,32.89273418858805
2763,28.25580468055433
2764,30.87818426089011
2765,29.331310553297264
2766,33.23654179964574
2767,28.653386868366827
2768,30.643824293003817
2769,31.86212786496037
2770,29.77783915089447
2771,29.827883615542603
2772,24.043477956048935
2773,32.82533740266957
2774,34.00699096082325
2775,32.95741744112234
2776,31.230818879288353
2777,29.002431145497866
2778,29.90207649555003
2779,34.665629902474514
2780,31.03961252701799
2781,28.625531546080147
2782,28.911399967451985
2783,28.823495473298404
2784,30.23406561037862
2785,28.935282436330095
2786,29.118918127801095
2787,29.505479401403644
2788,30.93659385567249
2789,31.580329911037005
2790,28.89194542851393
2791,31.570815699508287
2792,29.63483379468685
2793,29.653637275389706
2794,32.113713392778784
2795,29.032435229441568
2796,29.43607829255565
2797,32.91266128381751
2798,31.713765189183793
2799,28.046033799828788
2800,30.452639078702962
2801,29.585731464402972
2802,31.75073115837916
2803,30.14813848969382
2804,34.4366527105534
2805,33.451329388454184
2806,26.96249213221064
2807,27.30846419880399
2808,27.320620632360995
2809,29.290339720556638
2810,30.089776228895566
2811,32.67533104225865
2812,29.157819783566296
2813,29.021851169501584
2814,29.623146006778825
2815,29.088515043137594
2816,28.75668708236667
2817,28.88996048084741
2818,34.23426049617485
2819,27.402711830951773
2820,30.737540367339303
2821,29.80062179378689
2822,29.153963805037698
2823,29.96569013936829
2824,28.960390759814906
2825,28.424740879938657
2826,31.656423958759863
2827,30.076867474489504
2828,30.631943437387154
2829,31.331912267123204
2830,30.361314332366454
2831,32.36147205521379
2832,29.726205293049304
2833,28.978520192043185
2834,29.260906196433567
2835,29.782274272968557
2836,29.78692121760503
2837,30.7928028556156
2838,30.108931616670223
2839,29.01463028769669
2840,28.87792356949183
2841,30.057021233514106
2842,29.868054270374593
2843,27.615328089920695
2844,30.585029148769912
2845,30.334869260304924
2846,30.403681386201175
2847,29.145462755685553
2848,30.21093789162027
2849,29.334818084475085
2850,29.34786100974971
2851,29.67436581838794
2852,28.5947018353196
2853,29.992893406182343
2854,30.40476446088445
2855,30.43128482457127
2856,29.54626685151928
2857,29.448227160684286
2858,28.894479934523545
2859,30.360182265246685
2860,29.753267347634434
2861,28.109923920933124
2862,35.70310510189806
2863,29.087272005699752
2864,30.41142370721669
2865,27.809777914981147
2866,32.03512656385903
2867,33.08408333978262
2868,28.544755520683957
2869,28.990655447004386
2870,29.26648448408059
2871,31.956516551527137
2872,30.742470463826553
2873,31.267993582910886
2874,33.010436132808906
2875,32.216333765241444
2876,28.707634821843392
2877,30.55264860002147
2878,28.24794264365401
2879,35.89038629585208
2880,32.00251629280118
2881,31.615625593607156
2882,32.62455169562511
2883,30.087406226651776
2884,32.80713673573537
2885,32.52870839528295
2886,29.36456546723921
2887,28.861369139767895
2888,29.040546115749105
2889,29.760842226812517
2890,32.19630858849941
2891,32.60156868335965
2892,30.101643626129288
2893,29.928007097538625
2894,32.52752114948542
2895,31.278818522207942
2896,36.087150874880834
2897,28.887521796586203
2898,29.300780815401247
2899,29.05791764730263
2900,28.088846276137364
2901,29.441738382457242
2902,33.117165811183284
2903,30.059455460121626
2904,32.214446990211435
2905,29.394280076635628
2906,28.967378393373405
2907,28.79835383531821
2908,31.98350614278136
2909,28.13724446623101
2910,34.08847753209269
2911,28.435580061841314
2912,29.945067448985892
2913,34.06882265098524
2914,30.464666458400917
2915,29.101548884719545
2916,28.94222028489945
2917,30.903228157176777
2918,29.803388424148483
2919,33.27179723407499
2920,33.77491643913054
2921,29.974413852118744
2922,32.3503254153621
2923,30.626429859632736
2924,29.151574755918524
2925,29.064526367018317
2926,29.84176602995515
2927,28.75947247685857
2928,31.64641673628735
2929,29.09664344823709
2930,31.46172092749128
2931,28.595952418530693
2932,28.495880712551198
2933,30.118039337746367
2934,28.707290950877834
2935,32.13554003199059
2936,30.400840128796123
2937,29.43171475207346
2938,30.5497942513319
2939,29.22297179598059
2940,28.600631043824002
2941,28.094712459002146
2942,28.836378119593423
2943,31.548316146854976
2944,31.202466174975036
2945,33.15332109970771
2946,30.241365327631275
2947,32.09722958626281
2948,29.138478607048857
2949,31.420637575455952
2950,33.92522105753099
2951,29.917052170035802
2952,28.314361007262015
2953,29.14031342351806
2954,27.886520667433338
2955,29.542894133611842
2956,34.714804323421426
2957,28.14516443355387
2958,28.235071579064204
2959,28.56205292488211
2960,27.66419105015369
2961,30.016489198613478
2962,35.78902401181857
2963,35.782797320674156
2964,31.429653437359637
2965,35.60567037157527
2966,29.467870368699565
2967,28.346915186810442
2968,27.033674423587907
2969,31.88334688757933
2970,32.50555517041811
2971,30.062263276334363
2972,28.284126788134987
2973,34.42797025334281
2974,29.731291470206614
2975,34.960382315594
2976,32.21438239966077
2977,24.373619718467317
2978,25.840779211450243
2979,27.71634720654465
2980,34.58919489412774
2981,33.341423927621875
2982,24.112513709006357
2983,34.150499282977066
2984,28.595467795908146
2985,44.616205868674996
2986,43.98256780295557
2987,41.90551214520076
2988,25.758785428445922
2989,28.15556758981783
2990,24.865852956613292
2991,24.098921898095163
2992,24.82802244613033
2993,36.952483824368876
2994,35.332635032208074
2995,25.185083337967274
2996,28.30141455465748
2997,25.170086571528678
2998,34.16456746665597
2999,27.61543381879616
3000,37.73447524288943
3001,26.110922873660193
3002,27.19865499603696
3003,36.9594176588201
3004,35.18448574186027
3005,28.16750341653089
3006,36.62784350178549
3007,39.27815592483141
3008,34.48913539463136
3009,39.15701822681882
3010,35.57943240304404
3011,24.547138127985086
3012,43.30212996452018
3013,26.857927612154658
3014,40.004502327576525
3015,35.38902200656145
3016,24.11719202257194
3017,26.059964714951064
3018,33.31338246182726
3019,26.267050666566224
3020,30.728667593021203
3021,38.29424541445144
3022,25.791912467218857
3023,27.110347509331486
3024,28.429747941502686
3025,27.15826872309336
3026,38.58325069534257
3027,28.098109501399765
3028,35.64233245345969
3029,32.676809496776286
3030,27.519242605384218
3031,26.69316889411605
3032,25.225596304938346
3033,33.06865368173594
3034,27.151477151436314
3035,23.71673908485838
3036,35.59888628232235
3037,39.93115682697645
3038,36.60856889192914
3039,41.59629043669641
3040,25.011523851016715
3041,26.964020492422495
3042,43.26923756125612
3043,42.81481127962205
3044,27.649684163911804
3045,28.13580441833658
3046,32.823562806108555
3047,35.654359467050796
3048,43.667266637020006
3049,24.006013071341403
3050,24.154918724671585
3051,32.37971103944129
3052,32.66840365049079
3053,30.901384026968845
3054,25.746748573686894
3055,27.1763140361732
3056,30.182277707250467
3057,26.546404449074352
3058,26.378772757768353
3059,23.966679442655888
3060,24.990877045071567
3061,27.33682187667363
3062,25.963181581381143
3063,25.029340896257647
3064,38.318203942949594
3065,24.396012196592803
3066,32.61951624813666
3067,26.71858254602462
3068,37.29089241516226
3069,26.330258736941595
3070,26.01926384814728
3071,36.39705540895929
3072,24.11317465213969
3073,42.76373506393037
3074,24.316932079520488
3075,19.7696154256622
3076,43.95933914422511
3077,28.047607453474686
3078,35.639440459483694
3079,25.035948534293308
3080,32.571420907107665
3081,32.448675788812494
3082,37.13400531699416
3083,38.34847566122752
3084,24.87417713205789
3085,24.679123951432206
3086,39.68861092805423
3087,24.125136034987666
3088,24.60934370246942
3089,29.255114858836205
3090,25.121990643408786
3091,24.352913153523943
3092,44.144413766184954
3093,42.85506941081963
3094,24.74124423569128
3095,23.593102193970672
3096,26.16603310924888
3097,35.408603370325615
3098,32.562134018290024
3099,31.07199067079453
3100,29.782982875443718
3101,44.096984464286884
3102,33.909134022234596
3103,35.72855483008044
3104,39.55480487014843
3105,37.00906376136284
3106,25.95065229700735
3107,28.54990298844987
3108,42.2614095198787
3109,23.63237678169093
3110,32.1103114987924
3111,40.435624581108314
3112,40.92970323753825
3113,26.983127829422042
3114,35.12301597172426
3115,27.623466180309595
3116,25.555743755934866
3117,23.38528026752335
3118,34.32425942511881
3119,23.62184039322011
3120,37.59837412187187
3121,27.76256460714154
3122,29.172425071387313
3123,24.401478401489374
3124,25.328951647371696
3125,34.035174178650976
3126,36.78466992616691
3127,36.91871823609121
3128,31.173649332686953
3129,27.487514924566373
3130,24.312892771591805
3131,28.22012315156132
3132,25.109818222196374
3133,29.084602558469758
3134,28.011080861025587
3135,26.609363501085443
3136,28.203708409313048
3137,23.88068103773332
3138,30.373455420351494
3139,29.686103095312095
3140,24.65702722311615
3141,36.60659538725331
3142,37.1720721970143
3143,44.08636655056029
3144,34.272500133621634
3145,23.332947096992715
3146,29.169899015525043
3147,26.672822826770865
3148,40.7194570610184
3149,29.77783552784089
3150,37.63848663263602
3151,35.22835617185703
3152,29.337063161592564
3153,34.54806585047251
3154,29.68807004591346
3155,33.827232333573235
3156,25.69099285880436
3157,26.80733952431112
3158,26.442532701536063
3159,26.794573276609523
3160,27.4496320953606
3161,33.97974050472345
3162,23.51691219140212
3163,39.03918338441001
3164,24.96577892852108
3165,27.478093113784798
3166,32.80214040379794
3167,26.61821685632579
3168,29.94720415915378
3169,30.453745013242514
3170,34.28522452509006
3171,33.83193678120509
3172,35.24686210815976
3173,27.57710969084856
3174,32.75860640660339
3175,19.975904036332746
3176,32.662023521439664
3177,43.50787337333379
3178,37.014747847086895
3179,22.113115832959924
3180,30.83497128195933
3181,25.869755447617795
3182,42.42806082025061
3183,28.473137340889213
3184,25.658819866621986
3185,35.756132697249456
3186,25.449872707998498
3187,43.10524017699743
3188,24.232695214343597
3189,25.70358893833345
3190,25.119274199378122
3191,28.44482567575336
3192,39.40271049943125
3193,39.408426440226755
3194,40.01484610398323
3195,24.54957693971026
3196,34.15671986821157
3197,37.005140597207046
3198,38.005845955705254
3199,25.046906143995926
3200,26.703631946124627
3201,26.290001297410374
3202,25.707500572913585
3203,29.122751223785162
3204,34.91774184156444
3205,27.65775747041148
3206,34.126171441847575
3207,25.76974050162567
3208,27.296514402072802
3209,32.3681745157512
3210,28.519357890038545
3211,41.197235113580206
3212,25.404330239193023
3213,25.422925784209927
3214,28.421693088075315
3215,20.03038948823542
3216,27.02321530834433
3217,24.039256555903197
3218,33.07485867828261
3219,27.441704690627088
3220,26.052759326778574
3221,34.10506256904685
3222,24.18860606737524
3223,25.850409936800677
3224,34.532308889645776
3225,36.476631435534145
3226,26.080924228858148
3227,33.57807902854762
3228,26.152091111525063
3229,25.05618225650983
3230,24.5731977600822
3231,26.13544783696638
3232,33.922183143440364
3233,25.313115200181525
3234,26.953388932342268
3235,25.350683694986454
3236,27.822716446283057
3237,40.244772489105884
3238,28.047627942516304
3239,24.954909299713105
3240,28.141292276821265
3241,41.032786249430266
3242,29.008139932967655
3243,30.82830042292284
3244,23.704387330652423
3245,26.027401013475068
3246,26.467215814577184
3247,28.137524635881398
3248,23.655095505401192
3249,31.880737199935094
3250,34.665353779581636
3251,32.50843450911678
3252,24.390325344271325
3253,25.948110983039637
3254,25.056332680834192
3255,37.556909064889126
3256,29.111112260060114
3257,24.43740499943457
3258,25.681956748937925
3259,23.938545867834826
3260,25.61043232959304
3261,26.468713367120976
3262,36.2373382663133
3263,21.61444473162119
3264,24.67285646803734
3265,43.956650606089156
3266,27.943636128520442
3267,27.381161579553655
3268,40.887177510215466
3269,35.63243338405114
3270,25.478049877183288
3271,25.965467862213067
3272,42.3864957813167
3273,34.84291203870207
3274,34.898082238106454
3275,32.767666646414895
3276,23.75094514018697
3277,27.447837819981384
3278,24.878125683335295
3279,30.639732676858507
3280,27.74808199878867
3281,31.21494767588037
3282,33.401730978293
3283,30.139796279138213
3284,24.360639741649564
3285,34.95562810077094
3286,34.26400192300065
3287,24.028169079356026
3288,28.485196489221696
3289,25.258421253644972
3290,26.32740244238521
3291,26.120934528763545
3292,34.93035057306689
3293,26.21575049049504
3294,25.477965037814936
3295,24.58609973719972
3296,37.2913314996913
3297,32.20535620342008
3298,34.56883067918372
3299,23.922490054072977
3300,34.75221653925266
3301,24.73404599419046
3302,28.501408417623637
3303,33.67821291716268
3304,25.767806132836245
3305,24.226557240316843
3306,24.953542131240447
3307,26.953048435385533
3308,22.99418009729905
3309,35.51477441195219
3310,19.41735847587096
3311,26.6769245962619
3312,25.942132806589562
3313,32.40615752325857
3314,24.742230505651968
3315,24.69659478636445
3316,24.552694862231387
3317,24.728387895667407
3318,24.47421653814506
3319,24.061749752365788
3320,27.222187760769994
3321,23.793015119406117
3322,33.500213416115216
3323,26.80439509119278
3324,23.344024498153264
3325,24.43825830433345
3326,23.619919954323603
3327,41.497145543510584
3328,33.35070178506919
3329,37.11895499908651
3330,45.32424937123835
3331,36.54883768743446
3332,24.915734880751344
3333,36.88197353355872
3334,23.464680673412918
3335,35.496515321997876
3336,25.513543036884613
3337,32.23320089326653
3338,25.19536697066702
3339,23.12183036476132
3340,37.009578871156236
3341,39.66984573046706
3342,34.09056443320308
3343,25.514813042290353
3344,24.213536626847585
3345,38.02382383530531
3346,27.653291558222985
3347,25.748550798709115
3348,27.0596736798537
3349,25.84124246823818
3350,29.838398385715553
3351,25.313269816141048
3352,26.82749802674051
3353,24.79156222415232
3354,38.693100334219565
3355,24.29932805565498
3356,25.32148848671495
3357,28.236464413175955
3358,43.056300107267845
3359,24.829472226361872
3360,32.88433326178662
3361,24.232687694913828
3362,23.574620632284784
3363,36.74877247152766
3364,28.663482207815175
3365,29.430730127046015
3366,37.432003355670346
3367,30.287329390208296
3368,26.367412873125488
3369,24.278451151397686
3370,25.416308594701526
3371,27.143899060631046
3372,40.81788851736287
3373,30.564702662970998
3374,30.81111512111468
3375,25.465513714842512
3376,27.793370704635098
3377,25.728630119526354
3378,43.105358401910706
3379,26.5419864618617
3380,38.965859481350165
3381,33.411823693373776
3382,24.839077018716523
3383,37.64054629561312
3384,24.713270083694066
3385,26.051821379719716
3386,37.558449297086256
3387,39.26326896868962
3388,28.46873948211874
3389,35.881197413600404
3390,33.41797584033678
3391,38.2985933395766
3392,35.99371120578621
3393,27.95801604782314
3394,24.460020263031584
3395,27.061005303484126
3396,25.871945937900076
3397,41.390671267763246
3398,25.59498570053069
3399,24.16092519600282
3400,31.569901443231377
3401,34.224871952904024
3402,25.111268870745732
3403,24.216969323665236
3404,37.12274424317448
3405,40.45487721273345
3406,26.80332287252533
3407,34.44187378205835
3408,32.908761640507194
3409,27.264937072642944
3410,32.41159184880205
3411,27.081349308220084
3412,25.70862275405433
3413,36.32708762085598
